frame_id,class_name,confidence,x1,y1,x2,y2
0,Car,0.95,403,430,498,506
0,Car,0.88,1651,679,1844,790
0,Car,0.83,543,499,637,577
0,Car,0.80,1422,638,1575,724
0,Car,0.70,1286,514,1363,587
0,Car,0.69,1534,866,1834,1054
0,Car,0.49,296,553,476,652
0,Car,0.44,525,366,586,414
0,Car,0.32,1272,572,1342,657
0,Car,0.31,1204,431,1266,485
0,Car,0.25,1698,615,1765,675
0,Car,0.22,0,679,188,989
0,Car,0.16,633,196,754,225
1,Car,0.93,397,437,494,509
1,Car,0.84,1414,630,1559,718
1,Car,0.80,1637,660,1832,782
1,Car,0.73,1519,852,1813,1037
1,Car,0.64,541,503,633,580
1,Car,0.57,1286,511,1359,585
1,Car,0.50,1,705,183,1013
1,Car,0.41,1222,563,1339,652
1,Car,0.40,524,362,582,415
1,Car,0.20,1205,427,1264,483
1,Car,0.18,765,273,891,350
1,Car,0.16,633,327,688,385
1,Car,0.16,635,196,749,224
2,Car,0.96,391,436,484,514
2,Car,0.87,1499,842,1773,1013
2,Car,0.86,1634,660,1813,774
2,Car,0.70,1414,628,1547,714
2,Car,0.65,542,507,634,586
2,Car,0.63,1,830,161,1041
2,Car,0.61,1220,518,1330,648
2,Car,0.50,299,570,437,669
2,Car,0.50,520,364,581,418
2,Car,0.48,1683,599,1751,667
2,Car,0.36,1277,502,1343,581
2,Car,0.23,630,333,681,387
2,Car,0.21,518,197,601,224
2,Car,0.17,1201,434,1263,479
3,Car,0.91,1617,649,1807,764
3,Car,0.90,377,444,480,515
3,Car,0.87,1483,819,1750,995
3,Car,0.77,1401,623,1541,704
3,Car,0.76,1,845,146,1069
3,Car,0.67,517,370,577,417
3,Car,0.59,1673,597,1752,660
3,Car,0.49,1218,522,1328,645
3,Car,0.39,1285,503,1339,578
3,Car,0.37,296,575,432,676
3,Car,0.32,628,336,681,389
3,Car,0.24,1195,432,1263,480
3,Car,0.18,762,272,902,342
3,Car,0.16,499,195,607,225
4,Car,0.95,1614,638,1784,758
4,Car,0.93,1463,810,1730,975
4,Car,0.86,372,448,473,520
4,Car,0.76,1394,612,1535,705
4,Car,0.69,513,370,573,418
4,Car,0.50,1663,596,1734,656
4,Car,0.38,1217,505,1331,640
4,Car,0.36,1194,434,1262,478
4,Car,0.31,624,341,675,389
4,Car,0.27,535,516,628,599
4,Car,0.26,1264,495,1334,575
4,Car,0.16,505,196,599,224
4,Car,0.15,763,274,900,334
5,Car,0.92,367,450,466,526
5,Car,0.91,1457,801,1701,958
5,Car,0.88,1380,608,1515,693
5,Car,0.86,1599,639,1770,750
5,Car,0.62,512,372,573,420
5,Car,0.58,1658,596,1730,654
5,Car,0.51,1192,435,1261,478
5,Car,0.40,279,584,424,693
5,Car,0.39,531,517,623,601
5,Car,0.25,625,333,676,390
5,Car,0.22,1258,498,1327,571
5,Car,0.22,760,203,896,231
5,Car,0.18,1223,497,1329,617
6,Car,0.92,360,455,458,534
6,Car,0.85,1439,782,1677,939
6,Car,0.83,1378,604,1510,688
6,Car,0.72,1590,640,1756,741
6,Car,0.66,509,372,567,423
6,Car,0.61,530,521,624,610
6,Car,0.41,280,589,418,701
6,Car,0.39,1651,586,1722,651
6,Car,0.34,1192,432,1258,476
6,Car,0.31,622,335,671,393
6,Car,0.31,762,202,898,232
6,Car,0.18,759,269,902,330
6,Car,0.15,522,196,598,223
7,Car,0.90,353,452,454,536
7,Car,0.89,1425,770,1659,924
7,Car,0.86,1378,603,1504,676
7,Car,0.75,1583,636,1741,731
7,Car,0.72,505,370,566,426
7,Car,0.68,528,528,624,615
7,Car,0.66,265,595,409,711
7,Car,0.44,1645,579,1719,642
7,Car,0.37,618,335,671,394
7,Car,0.28,1211,514,1261,624
7,Car,0.23,758,202,899,231
7,Car,0.21,1189,430,1256,475
7,Car,0.17,522,197,598,224
8,Car,0.94,342,457,443,540
8,Car,0.88,1417,761,1639,908
8,Car,0.83,1367,595,1494,673
8,Car,0.69,503,370,563,428
8,Car,0.66,1571,629,1734,726
8,Car,0.66,254,600,403,722
8,Car,0.56,519,532,625,624
8,Car,0.42,1638,579,1732,637
8,Car,0.31,1208,496,1261,622
8,Car,0.31,622,335,666,391
8,Car,0.22,762,202,896,231
8,Car,0.18,526,197,597,223
9,Car,0.90,331,461,438,548
9,Car,0.90,1364,590,1484,665
9,Car,0.86,1405,749,1612,891
9,Car,0.69,495,374,561,429
9,Car,0.68,516,539,627,630
9,Car,0.62,1559,630,1719,719
9,Car,0.61,618,333,665,396
9,Car,0.52,245,606,397,730
9,Car,0.35,1206,498,1276,614
9,Car,0.25,1630,578,1698,634
9,Car,0.23,740,203,899,232
10,Car,0.88,1357,587,1475,661
10,Car,0.83,318,472,432,556
10,Car,0.82,1385,735,1602,881
10,Car,0.69,492,373,557,430
10,Car,0.66,514,545,611,639
10,Car,0.61,615,339,663,399
10,Car,0.52,1548,622,1704,712
10,Car,0.46,1202,507,1274,608
10,Car,0.40,234,619,386,737
10,Car,0.38,749,202,900,232
10,Car,0.23,1881,984,1919,1080
10,Car,0.16,1625,574,1690,633
10,Car,0.16,1869,208,1919,250
11,Car,0.84,1379,731,1588,868
11,Car,0.82,1356,587,1474,659
11,Car,0.75,312,472,428,558
11,Car,0.74,1536,613,1697,708
11,Car,0.65,614,334,662,402
11,Car,0.65,488,376,553,432
11,Car,0.60,225,628,377,747
11,Car,0.58,1198,507,1273,605
11,Car,0.56,1858,956,1920,1075
11,Car,0.54,753,202,901,232
11,Car,0.21,500,197,595,225
11,Car,0.17,746,268,906,330
11,Car,0.16,1866,208,1919,249
12,Car,0.86,1371,726,1571,852
12,Car,0.77,301,475,424,560
12,Car,0.75,1527,610,1685,698
12,Car,0.74,1348,575,1470,654
12,Car,0.69,488,381,552,432
12,Car,0.68,1843,938,1919,1065
12,Car,0.60,616,341,658,404
12,Car,0.58,210,633,376,761
12,Car,0.56,1194,508,1270,601
12,Car,0.51,505,556,598,650
12,Car,0.18,757,202,900,232
12,Car,0.16,1866,206,1919,249
13,Car,0.90,1359,717,1549,844
13,Car,0.86,296,479,420,568
13,Car,0.83,1343,570,1464,645
13,Car,0.75,1521,603,1671,695
13,Car,0.69,1822,934,1920,1065
13,Car,0.68,203,641,372,769
13,Car,0.62,1194,515,1267,600
13,Car,0.61,484,379,547,435
13,Car,0.60,487,561,599,658
13,Car,0.53,613,338,659,405
13,Car,0.46,1602,555,1677,618
13,Car,0.23,1865,206,1919,249
13,Car,0.22,755,202,899,231
14,Car,0.90,1348,706,1535,833
14,Car,0.86,287,488,405,577
14,Car,0.85,1339,569,1459,639
14,Car,0.84,1511,602,1657,687
14,Car,0.70,480,385,547,434
14,Car,0.69,1192,505,1268,596
14,Car,0.57,1798,923,1918,1066
14,Car,0.49,460,570,593,666
14,Car,0.43,1595,556,1666,618
14,Car,0.33,610,338,656,406
14,Car,0.29,756,202,898,231
14,Car,0.27,1865,206,1919,250
14,Car,0.18,743,268,910,337
14,Car,0.16,387,409,437,441
15,Car,0.85,1337,566,1445,635
15,Car,0.83,1343,704,1519,821
15,Car,0.79,279,491,397,580
15,Car,0.77,1504,598,1649,681
15,Car,0.73,479,390,543,438
15,Car,0.71,1779,905,1917,1070
15,Car,0.69,1189,515,1259,595
15,Car,0.41,749,202,897,231
15,Car,0.32,1844,202,1919,250
15,Car,0.29,582,339,661,408
15,Car,0.28,1587,549,1651,615
15,Car,0.19,747,268,906,334
15,Car,0.16,1782,204,1910,246
16,Car,0.85,1338,687,1509,809
16,Car,0.78,1498,589,1643,676
16,Car,0.73,1331,562,1439,635
16,Car,0.71,478,393,538,440
16,Car,0.70,268,494,388,586
16,Car,0.60,1755,898,1920,1075
16,Car,0.57,1180,504,1256,589
16,Car,0.52,744,202,895,232
16,Car,0.52,452,581,599,682
16,Car,0.32,1843,202,1919,250
16,Car,0.26,1582,553,1643,611
16,Car,0.25,599,337,657,409
16,Car,0.20,745,267,904,333
16,Car,0.16,5,488,388,587
17,Car,0.81,1736,883,1920,1053
17,Car,0.80,475,391,537,442
17,Car,0.80,255,502,378,595
17,Car,0.71,1330,685,1487,799
17,Car,0.71,1490,590,1632,673
17,Car,0.65,1329,558,1437,629
17,Car,0.55,1172,484,1263,586
17,Car,0.55,130,678,334,822
17,Car,0.44,747,201,894,231
17,Car,0.42,595,337,657,409
17,Car,0.38,456,587,593,691
17,Car,0.31,1846,202,1919,250
17,Car,0.19,1579,555,1634,607
18,Car,0.83,1309,659,1477,789
18,Car,0.82,241,508,370,600
18,Car,0.80,471,388,534,444
18,Car,0.73,1713,861,1920,1030
18,Car,0.69,1485,587,1620,663
18,Car,0.51,453,592,605,700
18,Car,0.48,1322,552,1424,624
18,Car,0.47,594,344,657,411
18,Car,0.41,1172,482,1261,584
18,Car,0.30,1846,203,1919,250
18,Car,0.24,746,201,896,231
18,Car,0.22,1560,553,1624,603
19,Car,0.84,1307,647,1469,780
19,Car,0.83,1702,853,1920,1010
19,Car,0.76,1320,551,1413,618
19,Car,0.74,468,390,532,448
19,Car,0.71,226,510,362,605
19,Car,0.67,92,695,317,849
19,Car,0.53,1477,575,1609,658
19,Car,0.41,446,599,603,707
19,Car,0.38,1174,500,1248,580
19,Car,0.35,590,345,656,415
19,Car,0.34,747,202,897,232
19,Car,0.25,1846,204,1919,250
19,Car,0.19,3,494,369,612
20,Car,0.93,1303,646,1464,769
20,Car,0.75,1319,549,1402,615
20,Car,0.74,467,389,529,450
20,Car,0.74,1682,845,1919,994
20,Car,0.64,214,516,354,616
20,Car,0.55,1468,557,1609,658
20,Car,0.51,84,704,303,866
20,Car,0.37,1169,501,1251,578
20,Car,0.35,591,343,654,413
20,Car,0.32,443,604,577,719
20,Car,0.25,1844,203,1919,250
20,Car,0.24,742,319,801,384
21,Car,0.93,1300,642,1454,760
21,Car,0.78,1666,831,1915,974
21,Car,0.77,459,397,525,451
21,Car,0.75,1306,542,1398,610
21,Car,0.68,207,520,347,623
21,Car,0.59,1462,560,1597,647
21,Car,0.58,439,613,570,730
21,Car,0.55,587,348,644,414
21,Car,0.30,1170,497,1248,573
21,Car,0.26,76,717,298,880
21,Car,0.22,1845,204,1919,249
21,Car,0.15,742,202,899,231
22,Car,0.87,1295,640,1438,752
22,Car,0.79,455,394,518,452
22,Car,0.79,1651,821,1881,958
22,Car,0.68,1301,539,1395,610
22,Car,0.59,439,619,568,743
22,Car,0.55,584,349,639,419
22,Car,0.50,1456,561,1586,643
22,Car,0.48,69,722,282,897
22,Car,0.24,195,524,333,628
22,Car,0.18,1864,208,1919,250
23,Car,0.82,1637,811,1865,942
23,Car,0.81,451,394,517,454
23,Car,0.81,1284,636,1423,742
23,Car,0.61,583,346,639,420
23,Car,0.51,1446,563,1578,637
23,Car,0.51,430,632,570,750
23,Car,0.43,60,734,264,914
23,Car,0.38,1300,537,1394,602
23,Car,0.22,37,522,334,636
23,Car,0.20,313,426,384,463
24,Car,0.86,1289,625,1410,731
24,Car,0.84,1628,798,1841,932
24,Car,0.77,444,400,516,452
24,Car,0.67,1297,532,1387,599
24,Car,0.61,1440,549,1576,634
24,Car,0.58,172,539,326,641
24,Car,0.56,581,344,636,424
24,Car,0.47,421,639,559,762
24,Car,0.16,0,515,321,643
25,Car,0.85,440,403,511,455
25,Car,0.75,1614,788,1820,917
25,Car,0.71,1294,622,1399,725
25,Car,0.65,1301,529,1381,594
25,Car,0.56,160,543,307,654
25,Car,0.48,1438,549,1568,630
25,Car,0.36,578,343,633,426
25,Car,0.26,415,647,560,773
25,Car,0.21,1155,478,1226,562
26,Car,0.85,439,409,506,459
26,Car,0.81,1423,543,1570,623
26,Car,0.78,1597,776,1797,903
26,Car,0.73,1302,529,1376,588
26,Car,0.69,1300,617,1395,718
26,Car,0.67,139,547,291,662
26,Car,0.42,575,354,627,429
26,Car,0.25,1170,450,1263,513
26,Car,0.22,392,661,552,789
26,Car,0.21,0,750,236,971
27,Car,0.90,435,410,502,463
27,Car,0.82,1302,526,1367,584
27,Car,0.78,1576,767,1776,891
27,Car,0.57,1301,609,1386,711
27,Car,0.53,1422,543,1555,618
27,Car,0.46,118,556,283,674
27,Car,0.36,1873,683,1919,790
27,Car,0.27,571,350,625,429
27,Car,0.26,396,677,546,804
27,Car,0.21,0,791,220,994
27,Car,0.15,727,331,787,390
28,Car,0.88,431,411,498,465
28,Car,0.81,1300,605,1375,707
28,Car,0.77,1567,758,1763,878
28,Car,0.74,1299,520,1364,584
28,Car,0.72,1417,542,1554,616
28,Car,0.56,1856,686,1920,789
28,Car,0.41,107,560,274,679
28,Car,0.38,567,349,622,431
28,Car,0.35,355,684,548,813
28,Car,0.20,725,330,787,392
28,Car,0.17,311,442,361,478
28,Car,0.17,0,620,207,1026
28,Car,0.17,628,199,745,224
28,Car,0.15,1237,612,1337,703
29,Car,0.88,424,409,497,467
29,Car,0.84,1560,746,1740,868
29,Car,0.76,318,690,540,830
29,Car,0.76,1415,541,1539,614
29,Car,0.74,1299,602,1365,700
29,Car,0.73,91,567,259,690
29,Car,0.72,1291,518,1364,581
29,Car,0.61,1835,677,1920,778
29,Car,0.58,562,350,624,435
29,Car,0.32,0,658,190,1066
29,Car,0.25,722,330,784,395
29,Car,0.20,630,199,742,224
29,Car,0.15,1416,513,1561,590
29,Car,0.15,1232,602,1347,696
30,Car,0.88,423,409,492,471
30,Car,0.83,312,701,529,847
30,Car,0.77,1412,540,1527,610
30,Car,0.74,1290,515,1360,580
30,Car,0.73,1545,740,1729,855
30,Car,0.72,558,351,622,438
30,Car,0.68,81,578,247,704
30,Car,0.60,1299,600,1358,692
30,Car,0.49,0,659,182,1080
30,Car,0.41,1815,669,1920,763
30,Car,0.40,1860,823,1920,912
30,Car,0.30,1430,517,1557,569
30,Car,0.27,300,436,353,484
30,Car,0.22,720,335,784,392
30,Car,0.18,630,198,746,224
30,Car,0.15,1231,599,1360,690
31,Car,0.88,416,415,488,471
31,Car,0.82,315,711,528,859
31,Car,0.77,1799,662,1898,738
31,Car,0.76,1530,729,1704,844
31,Car,0.64,1849,811,1920,903
31,Car,0.62,1402,526,1536,604
31,Car,0.60,60,581,233,712
31,Car,0.59,553,351,620,439
31,Car,0.57,1284,505,1350,577
31,Car,0.57,1294,596,1351,688
31,Car,0.43,0,613,162,1080
31,Car,0.31,301,434,353,487
31,Car,0.20,1452,517,1552,591
31,Car,0.19,714,342,783,394
32,Car,0.90,414,414,485,476
32,Car,0.85,1526,723,1690,835
32,Car,0.77,317,724,513,878
32,Car,0.68,1787,654,1920,738
32,Car,0.58,552,365,621,439
32,Car,0.54,1398,523,1531,601
32,Car,0.50,1843,811,1920,899
32,Car,0.41,13,559,221,721
32,Car,0.38,1240,581,1334,671
32,Car,0.35,1287,506,1342,574
32,Car,0.27,293,437,345,491
32,Car,0.25,0,652,153,1080
32,Car,0.24,1479,515,1546,580
33,Car,0.93,408,413,478,480
33,Car,0.87,1504,708,1678,822
33,Car,0.68,1772,651,1920,739
33,Car,0.67,315,733,509,895
33,Car,0.62,1815,798,1920,899
33,Car,0.57,549,363,618,441
33,Car,0.52,1391,508,1531,596
33,Car,0.51,1287,498,1337,571
33,Car,0.49,1,584,210,737
33,Car,0.32,1218,580,1331,667
33,Car,0.27,1487,515,1546,566
33,Car,0.15,551,349,625,393
34,Car,0.92,404,417,476,481
34,Car,0.89,1498,706,1659,811
34,Car,0.70,1798,789,1919,907
34,Car,0.68,546,370,611,446
34,Car,0.61,1,605,197,746
34,Car,0.51,1388,519,1512,593
34,Car,0.44,309,750,498,916
34,Car,0.43,1271,503,1332,569
34,Car,0.37,1477,515,1546,568
34,Car,0.26,1209,572,1328,665
34,Car,0.20,1754,644,1878,722
34,Car,0.16,710,341,778,397
35,Car,0.89,403,417,472,482
35,Car,0.84,1490,697,1653,802
35,Car,0.82,1780,782,1917,908
35,Car,0.74,1272,504,1330,564
35,Car,0.70,1377,509,1527,589
35,Car,0.62,546,363,610,447
35,Car,0.62,298,764,495,934
35,Car,0.45,1,611,189,762
35,Car,0.32,1131,456,1197,527
35,Car,0.29,1743,636,1808,709
35,Car,0.15,549,349,619,388
36,Car,0.90,401,425,475,486
36,Car,0.86,1763,773,1917,904
36,Car,0.80,1471,689,1624,791
36,Car,0.69,1374,516,1480,584
36,Car,0.57,543,405,605,449
36,Car,0.48,1728,623,1796,705
36,Car,0.41,1282,501,1323,564
36,Car,0.38,1,586,172,777
36,Car,0.33,287,781,491,956
36,Car,0.28,247,451,308,502
36,Car,0.27,1443,508,1534,559
36,Car,0.18,1131,461,1195,525
36,Car,0.18,540,359,608,449
37,Car,0.89,1461,681,1616,782
37,Car,0.87,398,426,470,487
37,Car,0.80,1750,764,1917,895
37,Car,0.68,1371,509,1484,581
37,Car,0.57,1272,510,1321,558
37,Car,0.47,1713,623,1776,702
37,Car,0.43,284,794,480,985
37,Car,0.41,539,409,599,453
37,Car,0.38,250,455,307,505
37,Car,0.32,0,620,166,793
37,Car,0.30,1426,506,1525,561
37,Car,0.26,1135,433,1210,517
37,Car,0.23,1192,549,1258,647
37,Car,0.15,708,328,770,400
38,Car,0.89,391,430,464,490
38,Car,0.85,1457,677,1615,771
38,Car,0.83,1367,512,1470,577
38,Car,0.77,1733,749,1920,883
38,Car,0.65,1704,620,1775,697
38,Car,0.61,533,406,601,452
38,Car,0.46,261,810,470,1005
38,Car,0.45,1460,505,1521,551
38,Car,0.37,1190,553,1260,643
38,Car,0.26,246,455,295,504
38,Car,0.22,1115,446,1188,518
38,Car,0.20,0,648,136,822
38,Car,0.17,1263,512,1319,553
38,Car,0.17,1494,510,1556,552
39,Car,0.90,380,432,460,491
39,Car,0.89,1358,504,1463,574
39,Car,0.89,1446,668,1619,766
39,Car,0.84,1715,742,1920,873
39,Car,0.64,530,407,596,455
39,Car,0.57,241,830,469,1031
39,Car,0.43,1189,544,1263,634
39,Car,0.42,1465,504,1519,554
39,Car,0.40,1685,613,1752,683
39,Car,0.30,1689,612,1826,682
39,Car,0.26,0,661,122,836
40,Car,0.92,377,433,454,494
40,Car,0.92,1355,504,1455,570
40,Car,0.91,1434,661,1597,757
40,Car,0.80,1707,735,1920,861
40,Car,0.77,528,411,590,460
40,Car,0.64,1180,529,1261,629
40,Car,0.58,1672,603,1738,672
40,Car,0.52,1455,497,1511,555
40,Car,0.23,215,455,286,515
40,Car,0.17,1114,436,1184,518
41,Car,0.94,369,434,444,499
41,Car,0.92,1422,655,1582,749
41,Car,0.86,524,413,591,458
41,Car,0.83,1353,503,1441,566
41,Car,0.82,1689,728,1920,847
41,Car,0.62,1173,532,1263,626
41,Car,0.62,1662,599,1724,659
41,Car,0.39,1423,495,1510,554
41,Car,0.29,216,458,285,517
41,Car,0.23,1109,440,1185,515
41,Car,0.17,1874,208,1919,251
42,Car,0.92,366,438,441,504
42,Car,0.88,1418,650,1563,743
42,Car,0.81,519,412,588,463
42,Car,0.76,1679,721,1916,839
42,Car,0.75,1346,493,1461,562
42,Car,0.60,1174,536,1262,623
42,Car,0.52,1651,588,1719,661
42,Car,0.33,1444,493,1506,550
42,Car,0.26,220,461,270,523
42,Car,0.17,1875,207,1920,251
43,Car,0.90,1413,642,1549,734
43,Car,0.89,363,441,440,506
43,Car,0.83,1672,716,1890,832
43,Car,0.77,516,413,587,468
43,Car,0.69,1345,492,1437,560
43,Car,0.38,1155,532,1261,616
43,Car,0.36,1641,588,1708,656
43,Car,0.35,1361,488,1502,553
43,Car,0.33,210,466,260,526
43,Car,0.16,87,471,257,526
44,Car,0.90,359,442,438,508
44,Car,0.89,1407,638,1541,727
44,Car,0.88,1661,708,1874,817
44,Car,0.83,512,414,585,472
44,Car,0.65,1342,485,1443,556
44,Car,0.59,1155,522,1260,612
44,Car,0.46,1631,584,1695,654
44,Car,0.46,175,469,255,530
44,Car,0.38,1391,486,1495,545
44,Car,0.23,91,476,255,528
45,Car,0.86,354,445,435,509
45,Car,0.84,1645,702,1858,810
45,Car,0.83,1391,633,1536,719
45,Car,0.74,504,420,582,474
45,Car,0.63,1340,485,1433,553
45,Car,0.63,1152,521,1258,605
45,Car,0.58,1346,473,1493,539
45,Car,0.39,99,473,252,529
45,Car,0.33,1618,578,1680,645
45,Car,0.31,1415,485,1492,539
45,Car,0.25,180,468,254,530
46,Car,0.88,1383,628,1535,713
46,Car,0.83,499,425,573,475
46,Car,0.81,1640,696,1844,798
46,Car,0.79,343,446,429,512
46,Car,0.66,160,473,253,535
46,Car,0.61,1150,520,1251,602
46,Car,0.53,1362,472,1492,537
46,Car,0.49,1336,488,1418,551
46,Car,0.28,1605,571,1687,637
46,Car,0.17,1443,485,1492,536
46,Car,0.15,549,358,602,396
47,Car,0.89,341,447,426,515
47,Car,0.83,1380,624,1521,703
47,Car,0.83,1623,685,1823,793
47,Car,0.82,495,424,571,478
47,Car,0.74,1153,510,1253,598
47,Car,0.55,1433,482,1489,536
47,Car,0.54,165,475,249,545
47,Car,0.52,1333,487,1411,547
47,Car,0.32,1331,470,1477,544
47,Car,0.23,1594,565,1657,628
47,Car,0.22,1207,475,1269,526
47,Car,0.21,70,479,239,544
47,Car,0.18,173,449,444,543
48,Car,0.86,1612,678,1815,788
48,Car,0.85,1370,615,1504,697
48,Car,0.84,336,449,421,518
48,Car,0.84,494,427,568,482
48,Car,0.52,1328,485,1403,547
48,Car,0.52,89,480,226,550
48,Car,0.50,1587,551,1659,621
48,Car,0.43,1437,480,1485,534
48,Car,0.43,1146,505,1241,595
48,Car,0.21,1330,468,1476,541
48,Car,0.18,159,448,438,551
48,Car,0.17,1206,472,1268,520
49,Car,0.91,1364,609,1486,690
49,Car,0.83,492,430,565,484
49,Car,0.76,332,454,419,526
49,Car,0.67,1604,674,1805,772
49,Car,0.60,1578,549,1684,627
49,Car,0.56,1324,475,1449,541
49,Car,0.49,1144,467,1240,593
49,Car,0.41,107,487,217,553
49,Car,0.32,1439,485,1478,534
49,Car,0.26,1099,414,1180,495
49,Car,0.17,1192,467,1266,516
50,Car,0.91,1354,604,1476,685
50,Car,0.88,327,455,411,528
50,Car,0.86,491,433,553,489
50,Car,0.74,1598,667,1779,766
50,Car,0.65,106,488,212,554
50,Car,0.52,1570,551,1693,618
50,Car,0.52,1319,472,1391,539
50,Car,0.35,1436,484,1477,532
50,Car,0.33,1322,464,1464,537
50,Car,0.33,1140,471,1234,586
50,Car,0.26,1202,465,1405,533
50,Car,0.17,1002,265,1162,341
50,Car,0.15,685,379,750,424
51,Car,0.86,484,434,552,493
51,Car,0.84,1354,602,1472,680
51,Car,0.82,1591,660,1769,759
51,Car,0.80,321,457,407,529
51,Car,0.60,133,492,205,557
51,Car,0.44,1139,466,1229,582
51,Car,0.37,1431,481,1480,530
51,Car,0.35,1314,459,1454,535
51,Car,0.30,1199,459,1402,533
51,Car,0.17,1876,207,1919,250
51,Car,0.16,1559,550,1681,618
52,Car,0.85,481,435,551,495
52,Car,0.83,1348,593,1465,674
52,Car,0.73,314,463,402,533
52,Car,0.69,1571,657,1753,749
52,Car,0.59,100,495,198,560
52,Car,0.42,1317,457,1465,528
52,Car,0.35,1138,477,1225,580
52,Car,0.31,1313,466,1390,533
52,Car,0.19,1220,463,1385,531
52,Car,0.19,1549,539,1605,611
52,Car,0.15,532,362,590,406
53,Car,0.86,1342,592,1459,670
53,Car,0.86,474,436,549,500
53,Car,0.72,1560,647,1733,746
53,Car,0.69,1309,455,1462,526
53,Car,0.67,305,466,404,534
53,Car,0.55,90,497,188,564
53,Car,0.23,531,360,588,406
53,Car,0.23,1167,460,1257,506
53,Car,0.21,1279,470,1372,529
53,Car,0.19,1094,411,1210,488
53,Car,0.18,1132,457,1220,577
54,Car,0.91,1334,590,1448,659
54,Car,0.88,1557,641,1730,737
54,Car,0.77,297,468,394,539
54,Car,0.69,470,447,544,501
54,Car,0.63,1313,460,1458,521
54,Car,0.61,92,499,179,571
54,Car,0.34,1308,464,1375,528
54,Car,0.34,1242,464,1368,525
54,Car,0.33,525,362,585,407
54,Car,0.25,1393,461,1459,518
54,Car,0.20,1197,467,1263,508
54,Car,0.18,672,385,738,430
55,Car,0.85,1551,634,1714,730
55,Car,0.78,463,448,542,505
55,Car,0.76,1333,585,1440,656
55,Car,0.76,294,471,390,546
55,Car,0.66,1376,466,1458,517
55,Car,0.59,31,500,170,581
55,Car,0.45,1306,451,1395,525
55,Car,0.32,525,365,582,408
55,Car,0.30,670,384,737,434
55,Car,0.30,1665,953,1920,1080
55,Car,0.27,117,467,388,545
55,Car,0.20,1205,450,1368,522
56,Car,0.89,1529,630,1695,722
56,Car,0.80,458,451,538,507
56,Car,0.74,1321,574,1435,651
56,Car,0.68,1400,464,1456,515
56,Car,0.61,16,504,148,589
56,Car,0.52,1299,467,1367,521
56,Car,0.43,293,473,383,549
56,Car,0.39,1507,518,1570,578
56,Car,0.36,670,389,762,435
56,Car,0.31,200,468,381,557
56,Car,0.27,1314,451,1449,519
56,Car,0.27,1638,966,1920,1080
56,Car,0.26,1196,450,1365,518
56,Car,0.23,521,366,584,412
57,Car,0.89,1522,624,1694,715
57,Car,0.82,456,451,535,512
57,Car,0.72,1502,507,1594,575
57,Car,0.71,1318,571,1436,649
57,Car,0.65,286,474,370,554
57,Car,0.63,1332,458,1451,514
57,Car,0.60,12,512,142,590
57,Car,0.51,1303,461,1374,520
57,Car,0.47,1614,953,1920,1080
57,Car,0.45,668,391,732,437
57,Car,0.31,519,365,584,413
57,Car,0.29,1091,421,1208,559
58,Car,0.90,451,454,527,519
58,Car,0.84,1519,623,1685,711
58,Car,0.74,1385,458,1450,512
58,Car,0.71,1599,932,1920,1080
58,Car,0.63,1304,459,1368,516
58,Car,0.62,1314,569,1419,642
58,Car,0.60,18,520,136,595
58,Car,0.60,279,477,367,557
58,Car,0.60,1498,516,1627,584
58,Car,0.49,1310,449,1444,515
58,Car,0.25,665,383,766,439
58,Car,0.25,1091,416,1208,558
58,Car,0.16,1003,262,1162,342
59,Car,0.94,443,455,522,521
59,Car,0.82,1512,613,1669,707
59,Car,0.74,1309,564,1412,636
59,Car,0.70,1394,460,1446,511
59,Car,0.69,1577,921,1909,1080
59,Car,0.55,1303,456,1369,514
59,Car,0.47,268,480,364,560
59,Car,0.44,1311,451,1437,514
59,Car,0.30,73,479,361,574
59,Car,0.28,662,390,732,441
59,Car,0.23,13,518,127,604
59,Car,0.20,613,198,775,227
59,Car,0.17,1085,421,1202,554
59,Car,0.16,1495,521,1627,579
60,Car,0.90,440,458,516,525
60,Car,0.84,1499,607,1661,701
60,Car,0.77,1300,559,1398,632
60,Car,0.68,1562,903,1878,1080
60,Car,0.68,262,488,362,565
60,Car,0.48,1303,462,1358,513
60,Car,0.37,1399,466,1446,506
60,Car,0.36,660,386,730,444
60,Car,0.35,19,538,109,618
60,Car,0.27,607,198,775,228
60,Car,0.24,1313,454,1429,510
60,Car,0.23,1486,515,1624,576
60,Car,0.23,1484,498,1532,551
60,Car,0.22,1096,416,1197,551
60,Car,0.20,1003,264,1163,342
60,Car,0.19,550,198,632,224
60,Car,0.19,33,487,359,613
61,Car,0.90,1496,605,1651,690
61,Car,0.78,438,468,514,526
61,Car,0.76,1536,881,1846,1058
61,Car,0.54,1300,556,1395,627
61,Car,0.48,5,541,104,625
61,Car,0.40,1399,465,1467,505
61,Car,0.40,193,489,348,571
61,Car,0.34,1302,463,1356,511
61,Car,0.31,25,484,353,611
61,Car,0.28,1314,454,1425,506
61,Car,0.26,1474,490,1533,554
61,Car,0.20,1002,262,1163,342
61,Car,0.20,514,373,570,412
62,Car,0.87,430,467,515,533
62,Car,0.87,1492,602,1639,685
62,Car,0.76,1525,869,1816,1043
62,Car,0.56,1298,551,1394,622
62,Car,0.48,246,496,350,573
62,Car,0.48,1390,457,1467,506
62,Car,0.33,1313,449,1432,505
62,Car,0.27,1472,498,1598,572
62,Car,0.25,512,373,565,415
62,Car,0.24,5,540,88,631
62,Car,0.22,1302,460,1364,509
62,Car,0.19,34,494,349,574
62,Car,0.19,1003,262,1163,342
62,Car,0.19,658,389,749,448
63,Car,0.87,1487,596,1626,682
63,Car,0.84,1511,855,1793,1022
63,Car,0.82,422,469,510,536
63,Car,0.64,1298,549,1389,619
63,Car,0.60,1384,457,1496,503
63,Car,0.49,242,501,344,576
63,Car,0.47,510,371,563,418
63,Car,0.41,1004,264,1163,342
63,Car,0.37,7,496,345,577
63,Car,0.37,1453,496,1545,558
63,Car,0.36,5,547,76,641
63,Car,0.29,1310,447,1435,502
63,Car,0.27,1298,467,1346,504
63,Car,0.20,656,391,753,451
64,Car,0.93,1481,592,1618,677
64,Car,0.85,1495,846,1768,1005
64,Car,0.82,415,472,509,541
64,Car,0.65,1298,547,1383,614
64,Car,0.63,649,398,725,456
64,Car,0.61,507,376,556,421
64,Car,0.53,229,501,341,579
64,Car,0.47,4,496,342,577
64,Car,0.42,1310,447,1419,499
64,Car,0.38,1004,264,1163,343
64,Car,0.37,1384,458,1487,503
64,Car,0.32,648,388,795,455
64,Car,0.30,0,546,65,654
64,Car,0.26,1843,205,1919,250
65,Car,0.93,1465,588,1612,673
65,Car,0.85,409,479,497,549
65,Car,0.75,1297,543,1376,610
65,Car,0.71,1481,832,1737,982
65,Car,0.65,648,400,712,457
65,Car,0.60,220,508,336,588
65,Car,0.55,504,375,554,422
65,Car,0.48,1309,446,1411,496
65,Car,0.45,1384,459,1482,502
65,Car,0.44,1,505,337,585
65,Car,0.33,0,546,51,661
65,Car,0.28,648,391,796,456
65,Car,0.26,1843,204,1919,250
65,Car,0.26,1366,443,1421,495
65,Car,0.22,1003,265,1163,341
65,Car,0.22,1444,483,1551,551
65,Car,0.19,1441,475,1499,529
65,Car,0.16,605,199,771,227
66,Car,0.94,403,484,494,556
66,Car,0.93,1458,587,1600,666
66,Car,0.84,1469,819,1727,965
66,Car,0.72,1297,537,1366,608
66,Car,0.61,648,405,727,461
66,Car,0.61,498,377,552,425
66,Car,0.48,1380,448,1480,502
66,Car,0.47,1325,445,1417,495
66,Car,0.40,1079,395,1197,531
66,Car,0.40,215,513,327,591
66,Car,0.35,0,507,334,590
66,Car,0.29,1436,462,1496,525
66,Car,0.25,1838,204,1919,250
66,Car,0.20,1400,465,1483,518
66,Car,0.19,650,384,792,459
66,Car,0.17,1438,476,1552,549
67,Car,0.92,400,489,487,559
67,Car,0.84,1454,578,1594,661
67,Car,0.83,1454,807,1697,951
67,Car,0.83,1290,535,1364,602
67,Car,0.74,643,408,708,464
67,Car,0.66,494,377,553,426
67,Car,0.45,1075,409,1200,529
67,Car,0.43,1379,453,1469,501
67,Car,0.42,1364,450,1422,494
67,Car,0.26,1301,441,1407,494
67,Car,0.25,1430,465,1542,540
67,Car,0.20,0,513,331,602
67,Car,0.19,1874,208,1919,251
68,Car,0.84,1288,532,1362,601
68,Car,0.83,397,490,486,562
68,Car,0.82,1440,798,1676,937
68,Car,0.77,1446,571,1583,655
68,Car,0.71,489,385,547,427
68,Car,0.63,640,409,757,467
68,Car,0.55,1370,447,1438,494
68,Car,0.35,1302,435,1406,491
68,Car,0.26,199,520,312,601
68,Car,0.22,0,520,318,599
68,Car,0.19,1838,204,1919,250
68,Car,0.19,1413,461,1537,541
69,Car,0.89,1446,567,1578,649
69,Car,0.85,1285,526,1359,596
69,Car,0.81,1430,784,1656,922
69,Car,0.73,388,495,480,568
69,Car,0.68,484,383,543,430
69,Car,0.61,640,412,704,466
69,Car,0.59,189,521,309,605
69,Car,0.41,1365,446,1449,495
69,Car,0.39,1873,681,1919,788
69,Car,0.24,1302,435,1416,492
69,Car,0.21,1837,204,1919,250
70,Car,0.92,1429,568,1562,643
70,Car,0.86,1426,774,1637,903
70,Car,0.81,1279,524,1357,592
70,Car,0.79,380,501,474,577
70,Car,0.75,482,384,549,432
70,Car,0.48,640,408,769,467
70,Car,0.41,1374,453,1457,505
70,Car,0.41,1863,691,1920,786
70,Car,0.34,184,528,295,615
70,Car,0.34,20,525,294,615
70,Car,0.31,640,406,696,466
70,Car,0.26,615,200,748,227
70,Car,0.23,1004,265,1166,343
70,Car,0.20,1298,429,1420,490
70,Car,0.17,1839,205,1919,250
71,Car,0.91,1426,561,1558,639
71,Car,0.81,1411,762,1619,888
71,Car,0.81,369,506,468,581
71,Car,0.78,1272,513,1344,590
71,Car,0.75,477,386,546,434
71,Car,0.51,638,411,703,469
71,Car,0.40,636,414,778,469
71,Car,0.36,1362,444,1447,495
71,Car,0.33,614,200,750,228
71,Car,0.30,1845,683,1920,775
71,Car,0.23,1835,205,1919,250
71,Car,0.22,1302,433,1421,486
72,Car,0.88,1422,559,1547,635
72,Car,0.87,366,509,463,591
72,Car,0.76,474,386,543,436
72,Car,0.74,1259,495,1336,586
72,Car,0.68,1392,754,1605,881
72,Car,0.65,634,414,696,476
72,Car,0.33,1819,676,1920,764
72,Car,0.31,609,200,762,227
72,Car,0.25,1365,443,1440,487
72,Car,0.22,1820,205,1919,250
72,Car,0.21,1871,207,1920,250
72,Car,0.21,11,521,305,623
72,Car,0.19,1376,452,1460,512
72,Car,0.19,814,281,879,324
72,Car,0.18,1299,430,1402,480
73,Car,0.87,1418,553,1544,630
73,Car,0.81,631,417,695,478
73,Car,0.79,360,512,461,600
73,Car,0.78,1255,502,1332,583
73,Car,0.77,1385,746,1585,865
73,Car,0.71,472,388,538,437
73,Car,0.48,1804,667,1920,747
73,Car,0.36,1817,204,1919,250
73,Car,0.33,623,199,765,227
73,Car,0.32,551,197,616,225
73,Car,0.28,449,201,546,227
73,Car,0.21,430,200,493,229
73,Car,0.19,20,536,276,632
73,Car,0.19,155,543,277,632
73,Car,0.17,487,199,582,225
73,Car,0.15,1757,208,1849,247
74,Car,0.90,1414,550,1533,626
74,Car,0.82,351,514,455,600
74,Car,0.78,1372,736,1578,849
74,Car,0.72,1241,509,1330,583
74,Car,0.70,626,417,690,480
74,Car,0.69,474,391,535,435
74,Car,0.62,146,546,274,639
74,Car,0.43,553,196,618,226
74,Car,0.43,1789,666,1872,740
74,Car,0.38,621,200,760,229
74,Car,0.36,629,410,781,478
74,Car,0.32,1804,205,1918,250
74,Car,0.23,1865,207,1920,250
74,Car,0.21,798,282,872,324
74,Car,0.21,447,201,538,227
75,Car,0.91,1409,549,1526,621
75,Car,0.83,1368,722,1548,843
75,Car,0.81,340,519,449,605
75,Car,0.78,623,426,688,481
75,Car,0.76,472,392,534,439
75,Car,0.48,1238,506,1328,578
75,Car,0.43,790,282,868,324
75,Car,0.42,618,199,785,229
75,Car,0.38,1778,659,1886,727
75,Car,0.37,553,196,616,225
75,Car,0.35,1813,205,1919,251
75,Car,0.30,627,399,789,480
75,Car,0.25,3,543,264,645
75,Car,0.16,1075,404,1197,505
75,Car,0.16,449,201,532,225
76,Car,0.90,1403,548,1517,618
76,Car,0.81,328,527,432,616
76,Car,0.80,1347,711,1543,831
76,Car,0.78,469,390,527,442
76,Car,0.76,623,429,688,485
76,Car,0.49,798,282,866,324
76,Car,0.39,617,199,791,229
76,Car,0.35,554,196,617,224
76,Car,0.34,1261,525,1323,575
76,Car,0.33,95,548,256,652
76,Car,0.30,1803,205,1918,251
76,Car,0.27,443,201,539,228
76,Car,0.21,1346,425,1429,493
76,Car,0.18,1228,499,1326,573
76,Car,0.17,1081,410,1157,502
77,Car,0.83,326,537,429,623
77,Car,0.80,621,431,687,487
77,Car,0.79,1395,545,1515,614
77,Car,0.79,1343,702,1521,820
77,Car,0.78,108,564,244,660
77,Car,0.77,465,391,523,444
77,Car,0.44,802,281,871,324
77,Car,0.43,442,200,576,229
77,Car,0.39,545,197,608,225
77,Car,0.34,1810,205,1918,251
77,Car,0.30,1223,492,1271,571
77,Car,0.24,1349,425,1426,486
77,Car,0.23,607,199,807,230
77,Car,0.19,1229,502,1326,575
77,Car,0.16,1298,417,1406,476
77,Car,0.15,1744,633,1808,717
78,Car,0.89,1340,697,1512,809
78,Car,0.80,1390,541,1508,612
78,Car,0.76,467,394,521,445
78,Car,0.68,314,544,429,632
78,Car,0.62,618,431,689,493
78,Car,0.61,1730,628,1802,709
78,Car,0.55,96,569,239,666
78,Car,0.41,801,281,874,324
78,Car,0.41,603,199,817,231
78,Car,0.31,1824,205,1919,251
78,Car,0.29,546,197,617,224
78,Car,0.29,446,201,529,227
78,Car,0.29,1349,421,1418,490
78,Car,0.23,1221,487,1267,568
78,Car,0.20,1358,435,1447,500
78,Car,0.17,1296,416,1405,479
79,Car,0.82,1388,536,1503,608
79,Car,0.77,463,399,515,447
79,Car,0.66,1333,690,1510,801
79,Car,0.64,304,547,424,640
79,Car,0.63,609,432,685,496
79,Car,0.53,88,573,227,673
79,Car,0.49,1218,480,1270,564
79,Car,0.41,1718,630,1795,703
79,Car,0.37,1262,412,1403,482
79,Car,0.33,603,200,814,231
79,Car,0.33,1837,205,1919,251
79,Car,0.28,800,281,875,324
79,Car,0.28,1343,416,1413,485
79,Car,0.22,446,201,519,225
80,Car,0.89,1381,532,1494,601
80,Car,0.78,605,433,684,499
80,Car,0.73,455,399,513,450
80,Car,0.72,294,555,422,647
80,Car,0.65,1319,684,1488,790
80,Car,0.61,76,579,218,684
80,Car,0.48,606,200,810,231
80,Car,0.44,1220,478,1270,560
80,Car,0.33,1840,204,1919,251
80,Car,0.33,793,283,871,324
80,Car,0.31,1700,628,1776,700
80,Car,0.18,950,264,1161,334
81,Car,0.91,1374,529,1481,598
81,Car,0.91,289,563,403,659
81,Car,0.86,599,438,678,504
81,Car,0.82,443,397,515,452
81,Car,0.70,1314,672,1466,779
81,Car,0.55,62,589,213,690
81,Car,0.50,605,201,808,232
81,Car,0.40,1216,485,1268,553
81,Car,0.30,1834,204,1919,251
81,Car,0.28,794,282,874,323
81,Car,0.25,1691,615,1763,691
82,Car,0.89,277,573,401,664
82,Car,0.87,1370,529,1475,596
82,Car,0.86,1304,656,1467,769
82,Car,0.83,438,402,512,454
82,Car,0.74,598,442,679,507
82,Car,0.48,607,201,796,234
82,Car,0.35,1215,484,1269,549
82,Car,0.31,1678,603,1741,682
82,Car,0.29,790,281,880,324
82,Car,0.27,50,595,208,699
82,Car,0.18,1863,207,1919,252
82,Car,0.15,962,265,1161,335
83,Car,0.89,438,410,509,453
83,Car,0.87,1299,654,1456,760
83,Car,0.86,595,443,673,509
83,Car,0.80,1364,521,1473,593
83,Car,0.67,270,577,394,675
83,Car,0.58,1213,486,1268,547
83,Car,0.37,1663,600,1723,651
83,Car,0.35,1665,601,1773,660
83,Car,0.33,603,201,765,236
83,Car,0.18,951,267,1160,335
84,Car,0.87,437,410,506,454
84,Car,0.86,592,445,671,518
84,Car,0.82,1286,645,1450,755
84,Car,0.72,1361,512,1471,590
84,Car,0.67,256,583,387,683
84,Car,0.54,1656,597,1723,665
84,Car,0.50,1212,481,1267,545
84,Car,0.39,11,603,184,716
84,Car,0.24,634,201,766,233
85,Car,0.87,589,446,669,522
85,Car,0.87,1358,516,1463,584
85,Car,0.85,435,410,500,457
85,Car,0.81,1279,642,1437,749
85,Car,0.71,1648,596,1710,668
85,Car,0.61,246,593,376,696
85,Car,0.46,1210,481,1268,542
85,Car,0.29,629,201,767,234
85,Car,0.22,1,598,183,722
85,Car,0.17,790,285,874,324
85,Car,0.16,1802,203,1919,252
86,Car,0.91,1355,515,1449,580
86,Car,0.85,432,413,496,462
86,Car,0.77,587,448,669,522
86,Car,0.75,1287,639,1428,739
86,Car,0.71,236,595,365,704
86,Car,0.60,1207,478,1268,541
86,Car,0.59,1637,592,1695,654
86,Car,0.34,1,612,168,729
86,Car,0.17,621,202,768,236
86,Car,0.15,1796,204,1919,252
87,Car,0.91,1353,513,1443,576
87,Car,0.88,426,411,496,464
87,Car,0.85,585,453,666,526
87,Car,0.71,1204,476,1268,540
87,Car,0.62,223,604,355,717
87,Car,0.54,1621,587,1691,652
87,Car,0.51,1292,638,1412,728
87,Car,0.44,1,586,156,742
87,Car,0.25,617,203,759,238
88,Car,0.92,1345,514,1440,574
88,Car,0.85,424,413,491,467
88,Car,0.71,1295,629,1402,724
88,Car,0.49,1613,578,1678,647
88,Car,0.43,585,454,668,530
88,Car,0.40,1202,479,1266,537
88,Car,0.38,205,617,350,725
88,Car,0.20,0,523,218,752
88,Car,0.17,620,204,751,237
88,Car,0.15,1647,1008,1920,1080
89,Car,0.84,419,418,488,469
89,Car,0.82,1295,623,1396,717
89,Car,0.80,1342,513,1434,572
89,Car,0.68,195,625,344,736
89,Car,0.55,1600,569,1664,635
89,Car,0.43,585,462,657,538
89,Car,0.31,1202,479,1264,534
89,Car,0.25,1630,979,1919,1080
89,Car,0.24,621,204,750,237
90,Car,0.88,415,422,484,470
90,Car,0.77,1335,508,1435,570
90,Car,0.60,1296,622,1388,709
90,Car,0.51,1591,565,1651,618
90,Car,0.51,579,466,658,540
90,Ambulance,0.43,180,635,333,749
90,Car,0.38,1194,477,1262,530
90,Car,0.28,622,204,748,237
90,Car,0.25,181,634,334,748
90,Car,0.25,1611,963,1920,1080
91,Car,0.90,411,422,478,474
91,Car,0.77,1294,617,1377,707
91,Car,0.74,1335,506,1430,566
91,Car,0.52,166,645,328,765
91,Car,0.49,578,465,652,546
91,Car,0.46,1583,552,1652,625
91,Car,0.34,1580,940,1897,1080
91,Car,0.20,786,287,874,324
91,Car,0.19,0,651,100,792
91,Car,0.16,1192,475,1259,528
91,Car,0.16,607,206,752,238
92,Car,0.93,404,421,476,479
92,Car,0.72,144,658,317,776
92,Car,0.65,1329,503,1422,565
92,Car,0.61,572,477,651,548
92,Car,0.56,1294,607,1363,701
92,Car,0.52,1575,551,1656,621
92,Car,0.39,1570,925,1920,1079
92,Car,0.30,1191,476,1257,525
92,Car,0.25,604,204,755,238
92,Car,0.20,785,286,880,326
92,Car,0.19,1,658,93,797
92,Car,0.16,602,392,662,436
93,Car,0.94,404,423,476,481
93,Car,0.74,1329,501,1413,560
93,Car,0.72,126,663,304,792
93,Car,0.60,1564,551,1660,617
93,Car,0.56,566,478,645,557
93,Car,0.45,1291,601,1355,693
93,Car,0.32,1181,472,1255,523
93,Car,0.19,783,283,885,326
93,Car,0.19,1545,912,1875,1079
93,Car,0.16,1034,381,1110,470
94,Car,0.94,401,429,470,484
94,Car,0.82,111,677,293,810
94,Car,0.79,1326,499,1405,558
94,Car,0.74,562,480,641,562
94,Car,0.72,1287,600,1348,686
94,Car,0.66,1527,885,1823,1074
94,Car,0.57,1553,547,1639,617
94,Car,0.27,598,392,660,440
94,Car,0.21,1770,916,1917,1068
94,Car,0.17,769,291,861,325
94,Car,0.15,608,204,758,237
95,Car,0.93,397,431,468,487
95,Car,0.86,556,481,640,565
95,Car,0.77,97,684,279,822
95,Car,0.77,1317,495,1399,556
95,Car,0.70,1505,870,1786,1048
95,Car,0.50,1550,544,1645,614
95,Car,0.36,595,394,658,442
95,Car,0.35,1256,600,1336,673
95,Car,0.24,1763,900,1920,1079
95,Car,0.22,765,289,872,325
95,Car,0.18,1032,378,1123,463
96,Car,0.92,549,493,641,568
96,Car,0.90,395,431,466,488
96,Car,0.79,76,697,271,839
96,Car,0.65,1498,854,1759,1029
96,Car,0.64,1321,496,1396,552
96,Car,0.41,1546,542,1611,610
96,Car,0.40,1749,883,1919,1061
96,Car,0.39,591,394,655,442
96,Car,0.31,1228,595,1331,667
96,Car,0.22,616,204,752,237
96,Car,0.20,0,698,43,798
96,Car,0.19,1291,594,1332,668
96,Car,0.18,781,283,890,325
97,Car,0.90,540,498,635,576
97,Car,0.90,387,432,459,491
97,Car,0.85,55,706,262,860
97,Car,0.61,1316,495,1396,550
97,Car,0.58,1474,842,1736,1007
97,Car,0.50,1726,839,1919,1040
97,Car,0.24,1230,591,1327,664
97,Car,0.23,591,395,653,445
97,Car,0.19,618,206,746,237
97,Car,0.17,1013,377,1104,458
98,Car,0.87,379,434,456,491
98,Car,0.82,537,501,633,580
98,Car,0.79,29,720,254,876
98,Car,0.61,1458,828,1705,987
98,Car,0.61,1697,833,1920,1013
98,Car,0.37,1309,486,1392,547
98,Car,0.31,1518,530,1583,598
98,Car,0.15,588,400,646,448
99,Car,0.92,375,436,445,497
99,Car,0.83,535,506,631,584
99,Car,0.79,7,727,237,890
99,Car,0.64,1444,812,1686,970
99,Car,0.53,1301,481,1390,543
99,Car,0.51,1678,818,1920,994
99,Car,0.26,608,206,747,237
99,Car,0.22,581,405,645,452
99,Car,0.19,1511,535,1584,595
99,Car,0.15,1010,376,1108,458
100,Car,0.92,370,436,442,499
100,Car,0.72,1433,805,1660,948
100,Car,0.64,1668,803,1920,976
100,Car,0.58,1303,481,1383,541
100,Car,0.47,532,510,641,587
100,Car,0.45,599,204,752,237
100,Car,0.38,1,745,220,915
100,Car,0.34,1014,376,1146,455
100,Car,0.30,780,279,890,326
100,Car,0.29,1512,526,1570,580
100,Car,0.26,578,407,642,452
100,Car,0.18,1298,428,1389,537
101,Car,0.91,367,441,440,501
101,Car,0.63,1303,471,1377,537
101,Car,0.60,1422,788,1633,932
101,Car,0.58,572,409,640,453
101,Car,0.57,1624,817,1904,965
101,Car,0.57,529,514,627,594
101,Car,0.51,595,204,756,238
101,Car,0.49,1497,524,1572,582
101,Car,0.46,775,275,891,327
101,Car,0.35,1035,376,1156,452
101,Car,0.17,724,207,902,241
101,Bus,0.16,0,765,201,934
102,Car,0.88,365,448,436,505
102,Car,0.77,1406,782,1620,920
102,Car,0.74,569,410,639,456
102,Car,0.67,1301,476,1374,534
102,Car,0.64,1621,804,1880,945
102,Car,0.54,1490,517,1580,573
102,Car,0.46,524,518,632,601
102,Car,0.42,599,202,756,239
102,Car,0.40,774,273,889,325
102,Car,0.36,1486,508,1547,563
102,Car,0.36,1197,561,1263,643
102,Car,0.27,0,786,191,961
102,Car,0.16,1805,764,1919,895
103,Car,0.87,361,448,432,507
103,Car,0.79,1301,477,1366,533
103,Car,0.76,563,411,635,459
103,Car,0.75,521,522,625,610
103,Car,0.71,1,801,179,996
103,Car,0.66,1582,794,1857,929
103,Car,0.66,1390,767,1593,896
103,Car,0.53,1485,515,1564,572
103,Car,0.53,604,202,755,239
103,Car,0.35,775,273,889,325
103,Car,0.26,1188,556,1262,633
103,Car,0.22,1297,426,1373,531
103,Car,0.19,1742,760,1918,896
103,Car,0.17,743,205,895,240
104,Car,0.86,516,527,621,624
104,Car,0.86,355,449,433,509
104,Car,0.76,1382,757,1581,887
104,Car,0.72,1302,469,1364,531
104,Car,0.66,1,822,158,1024
104,Car,0.61,562,412,626,459
104,Car,0.55,603,202,757,239
104,Car,0.53,1477,503,1552,570
104,Car,0.45,1588,779,1841,919
104,Car,0.42,1185,548,1262,630
104,Car,0.32,770,274,892,325
104,Car,0.23,1769,750,1918,884
104,Car,0.20,740,207,887,240
104,Car,0.19,662,203,846,239
105,Car,0.86,343,449,428,511
105,Car,0.81,1596,768,1803,899
105,Car,0.74,516,535,620,626
105,Car,0.70,557,414,624,465
105,Car,0.68,1300,468,1360,530
105,Car,0.59,1374,745,1555,875
105,Car,0.54,604,202,764,239
105,Car,0.48,1475,507,1547,561
105,Car,0.43,1,840,129,1055
105,Car,0.36,1748,741,1919,876
105,Car,0.35,1173,546,1257,623
105,Car,0.34,771,274,881,325
105,Car,0.26,746,207,893,241
105,Car,0.17,1839,210,1919,253
106,Car,0.90,340,450,422,517
106,Car,0.81,553,415,625,468
106,Car,0.73,512,539,608,630
106,Car,0.71,1178,549,1262,621
106,Car,0.65,1569,762,1779,886
106,Car,0.64,1297,468,1359,526
106,Car,0.58,605,202,767,239
106,Car,0.54,1361,739,1544,855
106,Car,0.48,1459,500,1541,563
106,Car,0.37,1738,736,1919,866
106,Car,0.29,766,278,876,325
106,Car,0.21,741,207,889,240
106,Car,0.18,1838,209,1919,253
107,Car,0.92,335,454,416,520
107,Car,0.75,1165,546,1263,613
107,Car,0.70,549,417,623,474
107,Car,0.60,1295,465,1356,523
107,Car,0.57,606,202,768,239
107,Car,0.52,502,543,599,642
107,Car,0.36,1551,747,1759,866
107,Car,0.33,761,276,882,325
107,Car,0.20,1450,496,1538,554
107,Car,0.18,1837,208,1919,252
107,Car,0.18,1712,728,1919,846
107,Car,0.17,716,206,885,240
107,Car,0.16,1350,723,1523,847
108,Car,0.89,329,460,413,523
108,Car,0.67,1158,542,1260,611
108,Car,0.63,1533,741,1744,854
108,Car,0.61,545,422,619,476
108,Car,0.59,610,202,768,238
108,Car,0.47,1289,457,1348,523
108,Car,0.43,765,280,883,326
108,Car,0.41,1339,714,1512,833
108,Car,0.40,1446,493,1544,554
108,Car,0.36,1700,722,1919,841
108,Car,0.22,692,205,883,240
108,Car,0.22,13,452,414,531
108,Car,0.17,1840,209,1919,252
109,Car,0.90,328,464,405,527
109,Car,0.70,539,426,618,477
109,Car,0.69,618,201,771,238
109,Car,0.64,1159,538,1255,606
109,Car,0.63,1357,737,1723,845
109,Car,0.58,1440,490,1542,553
109,Car,0.45,1336,705,1498,821
109,Car,0.42,1288,459,1340,521
109,Car,0.37,689,204,878,240
109,Car,0.36,1694,708,1919,829
109,Car,0.30,765,298,854,326
109,Car,0.29,458,559,589,656
109,Car,0.17,9,451,413,597
110,Car,0.88,322,469,402,529
110,Car,0.72,456,571,586,663
110,Car,0.68,1155,536,1255,599
